week_of_year,month,is_monsoon,y_lag1,y_lag2,y_lag3,y_lag4,rainfall_lag2,rainfall_lag4,humidity_lag1,humidity_lag2,temperature_lag1,vpd_lag1,vpd_lag2,rain_roll4,hum_roll4,temp_roll4,rainfall,rain_days_ge1mm,temperature,humidity,vpd_kpa
30,7,1,7.21844568995724,4.877713731955703,6.570385398581186,5.934463976319155,0.870350444679748,1.8307374247597668,1.7019618236385705,2.0980390744938884,-0.09000644005343265,-1.7760786433879066,-2.1592551341693995,1.609553756009009,2.2648285236965133,-0.22151237785340108,1.7977554791082895,4.054180112,-0.6684571196537271,1.8571486338860477,-1.9761767634089749
31,7,1,6.636497849223215,6.570481157816889,5.009751775023768,6.528066585163925,1.6701873349807068,2.573275394584077,2.0219636860879544,2.0624233200345836,-0.49405085474475136,-2.1365718030977683,-2.10815377967743,1.1834945992627126,2.116190600822045,-0.04434049748486281,-0.3948356917446618,1.523546374,0.15125475362327692,1.2310871895781033,-1.2168392392696799
32,8,1,5.829625382929414,6.036784657980577,6.737476792966348,4.987997594438884,2.0855144638631296,1.8648047273635877,1.3798822347211708,2.420053500265592,0.2517086049771637,-1.3438806693557142,-2.5169363963037705,1.1863262738641673,1.9803268565974563,0.09136024162970229,0.647464828021279,3.934084965,0.2535693906338387,1.1291558195889424,-1.0937078945120322
33,8,1,5.3797761318098605,5.2968128238517025,6.192758847270719,6.692956198731917,-0.21125463378174686,3.1076166594328734,1.275342588369378,1.7024710980331323,0.3447926640302595,-1.2153408274905855,-1.6180612107430359,1.1520665548604079,2.024717067713771,0.010317977639315318,1.2832389385712555,4.25975452,-0.5892658476224636,1.6911931468864032,-1.8315605448552263
34,8,1,5.429759381934256,4.884262155266578,5.437505744649784,6.155416058500264,0.8805693487650463,3.7529651270347233,1.8517616381519049,1.5856388637457741,-0.42200402686530564,-1.9856033725927713,-1.4723029585180742,0.9126610841627243,1.9754927975454064,0.026494219250964412,0.9729806993207001,4.429131928,-0.5956182090381055,1.6951802736053643,-1.8550298493620059
35,8,1,4.619316683488711,4.930101118442703,5.016435430799175,5.410115005172942,1.5465513839046814,0.18417244645831374,1.8558507896781162,2.229837766478467,-0.42778329366834555,-2.0101035573014143,-2.3457451590013108,1.7601668184080892,2.1661655368280424,-0.19414319043950845,2.5249027473724,4.624979773,-0.8422386021716693,1.85847995388328,-2.0226680760214784
