week_of_year,month,is_monsoon,y_lag1,y_lag2,y_lag3,y_lag4,rainfall_lag2,rainfall_lag4,humidity_lag1,humidity_lag2,temperature_lag1,vpd_lag1,vpd_lag2,rain_roll4,hum_roll4,temp_roll4,rainfall,rain_days_ge1mm,temperature,humidity,vpd_kpa
24,6,1,2.262963463338671,1.1123703282025812,0.9795073424536519,0.14683854008265335,1.7890911509188487,3.2248781540872313,1.3938829175825675,2.3798391644394608,0.38597320427372117,-1.3458957025808715,-2.4594871161799428,1.7475053856527785,2.165085296376182,0.16792754631090145,1.010815264453904,5.597502876,-0.26702545876331324,1.7136323599850427,-1.8077415966189507
25,6,1,4.251582771859235,2.025875380069643,1.1666497041650337,1.010860115178929,0.6465544189945406,4.790687318016169,1.8747750382660577,1.7181180905123419,-0.12883538294233193,-1.9607381861878743,-1.620346165484013,1.3197115276031817,2.114993766239316,0.11980396869615578,0.9615193494400798,4.112083234,-0.0688291396832958,1.4251985696556375,-1.4677108379158588
26,6,1,5.43689984623774,3.849611272148329,2.09901968483424,1.1955364823750794,1.261183876958,3.2923731804291587,1.5789606443248254,2.255557261882512,0.05148014578740496,-1.6057717067832824,-2.3175491844378096,1.0590516435160287,2.064271677786411,0.0706155116717636,0.6167792034854928,3.479969943,-0.5443680668490755,1.6551664558113135,-1.784750544136035
27,6,1,6.397292295056468,4.936649541753578,3.9604178182849488,2.115620526084472,1.2095457349509635,1.5170633635380153,1.8148130761477286,1.9249587015792489,-0.3811568147852629,-1.9367372605398716,-1.9150335683788684,1.2474105451890634,2.2087607753101324,-0.13933102590210059,1.0729789164923296,5.370404593,-0.6465205929363721,1.720167892271318,-1.8714342603206515
28,7,1,7.039934082370116,5.817412477066265,5.069904677002427,3.9524908212318977,0.8484257393623367,2.4720941122083344,1.8814778053729904,2.188544504034033,-0.47409338816871005,-2.0272285257216422,-2.2903332417116253,1.139109978480161,2.1669945732805855,-0.1594168005086444,0.6377094377662492,3.672459819,-0.3574683426132854,1.5762041516085714,-1.674020459193388
29,7,1,5.372635667506375,6.406770575045014,5.968856378794601,5.047357855323361,1.3263011486576135,2.39185712912534,1.7338302407619675,2.2630481926856976,-0.2111187295602165,-1.8211433990722286,-2.3929461628350226,1.266754499682225,2.2034435390889286,-0.19395438058843303,1.4012669523612666,3.831857088,-0.224346086617375,1.5451308552072947,-1.6308518673539207
